<?xml version="1.0"?>
<extension>
	<id>91865f76-C204-475C-B46E-50370DAC7EDE</id>
	<name>PLUGIN_REMOTE_LIBRARY_MODULE_NAME</name>
	<module>Plugins::RLClone::Plugin</module>
	<version>1.0</version>
	<description>PLUGIN_REMOTE_LIBRARY_MODULE_NAME_DESC</description>
	<creator>Sunghyun orgin Logitech</creator>
	<defaultState>enabled</defaultState>
	<homepageURL>http://github.com/madenmud</homepageURL>
	<icon>plugins/RemoteLibrary/html/icon.png</icon>
	<optionsURL>plugins/RemoteLibrary/settings.html</optionsURL>
	<playerMenu>BROWSE_MUSIC</playerMenu>
	<targetApplication>
		<id>SlimService</id>
		<minVersion>7.9</minVersion>
		<maxVersion>*</maxVersion>
	</targetApplication>
</extension>
