<?xml version="1.0"?>
<extension>
	<id>21865f76-C204-475C-B46E-50370DAC7EDE</id>
	<name>PLUGIN_REMOTE_LIBRARY_MODULE_NAME</name>
	<module>Slim::Plugin::RemoteLibraryEncore::Plugin</module>
	<version>1.0</version>
	<description>PLUGIN_REMOTE_LIBRARY_MODULE_NAME_DESC</description>
	<creator>Logitech</creator>
	<defaultState>enabled</defaultState>
	<homepageURL>http://www.mysqueezebox.com/</homepageURL>
	<icon>plugins/RemoteLibraryEncore/html/icon.png</icon>
	<optionsURL>plugins/RemoteLibraryEncore/settings.html</optionsURL>        
	<playerMenu>BROWSE_MUSIC</playerMenu>
	<targetApplication>
		<id>SlimService</id>
		<minVersion>7.9</minVersion>
		<maxVersion>*</maxVersion>
	</targetApplication>
</extension>
